"club","season","points","ppg","rank","wage_gbp_annual","ln_wage","efficiency","efficiency_prev"
"Arsenal","2020-2021",61,1.61,8,147450000,18.8089996932256,-8.07774768881936,-8.35598045141685
"Arsenal","2021-2022",69,1.82,5,114370000,18.5549493647574,5.65611344161929,-8.07774768881936
"Arsenal","2022-2023",84,2.21,2,101660000,18.437144469983,25.7559180232686,5.65611344161929
"Arsenal","2023-2024",89,2.34,2,166036000,18.9277151902783,20.4558595143732,25.7559180232686
"Arsenal","2024-2025",74,1.95,2,169416000,18.9478677867256,6.32384850019321,20.4558595143732
"Arsenal","2025-2026",85,2.24,1,189332000,19.059012645739,18.3147232718806,6.32384850019321
"Aston Villa","2020-2021",55,1.45,11,62113024,17.9444662511622,4.76842509204454,-11.0339808405505
"Aston Villa","2021-2022",45,1.18,14,71490000,18.085068137743,-8.10083249020945,4.76842509204454
"Aston Villa","2022-2023",61,1.61,7,100620000,18.4268616030274,2.98007671730948,-8.10083249020945
"Aston Villa","2023-2024",68,1.79,4,117150000,18.5789657229181,7.05833317163207,2.98007671730948
"Aston Villa","2024-2025",66,1.74,6,107536000,18.4933362331919,8.23229133822342,7.05833317163207
"Aston Villa","2025-2026",65,1.71,4,129537200,18.6794786565402,6.5882761370873,8.23229133822342
"Bournemouth","2022-2023",39,1.03,15,38428000,17.4642969185118,1.96325616939039,-7.9184133973494
"Bournemouth","2023-2024",48,1.26,12,54834000,17.8198209974824,3.6071119292202,1.96325616939039
"Bournemouth","2024-2025",56,1.47,9,54704000,17.8174473908612,12.9661550425826,3.6071119292202
"Bournemouth","2025-2026",57,1.5,6,62764000,17.9548922186611,14.3837104586907,12.9661550425826
"Brentford","2022-2023",59,1.55,9,32136000,17.2854874550213,25.8611667415402,19.4694719958237
"Brentford","2023-2024",39,1.03,16,39936000,17.5027887307112,1.51817468975182,25.8611667415402
"Brentford","2024-2025",56,1.47,10,41470000,17.5404808322226,19.0038157791848,1.51817468975182
"Brentford","2025-2026",53,1.39,9,54301000,17.8100532009408,13.5410910995733,19.0038157791848
"Brighton","2020-2021",41,1.08,16,51578900,17.7586232320947,-5.18033816330726,-3.97294924338109
"Brighton","2021-2022",51,1.34,9,46470000,17.6543175010612,7.28920441223692,-5.18033816330726
"Brighton","2022-2023",62,1.63,6,38376000,17.462942822164,24.9927744418939,7.28920441223692
"Brighton","2023-2024",48,1.26,11,62400000,17.9490758333397,0.789454623200502,24.9927744418939
"Brighton","2024-2025",61,1.61,8,61958000,17.9419672941024,15.2517156733684,0.789454623200502
"Brighton","2025-2026",53,1.39,8,60905000,17.9248258311162,11.0391348841649,15.2517156733684
"Burnley","2020-2021",39,1.03,17,36751000,17.4196759941373,0.208454333714569,11.0167725226513
"Burnley","2021-2022",35,0.92,18,39520000,17.4923174308439,-5.1793170291787,0.208454333714569
"Burnley","2023-2024",24,0.63,19,38506000,17.4663246312714,-12.6869356218848,-5.1793170291787
"Burnley","2025-2026",22,0.58,19,55190000,17.8262923354157,-17.8129097050618,-12.6869356218848
"Chelsea","2020-2021",67,1.76,4,147811988,18.8114516727967,-2.13119898220538,1.44084281926174
"Chelsea","2021-2022",74,1.95,3,175890000,18.9853693576085,1.27328432369615,-2.13119898220538
"Chelsea","2022-2023",44,1.16,12,190060000,19.0628503697474,-27.8839956263668,1.27328432369615
"Chelsea","2023-2024",63,1.66,6,157040000,18.8720111079325,-4.32983377473295,-27.8839956263668
"Chelsea","2024-2025",69,1.82,4,172120000,18.9637024659347,0.978664513333964,-4.32983377473295
"Chelsea","2025-2026",52,1.37,10,156338000,18.8675308880432,-10.5111197616682,0.978664513333964
"Crystal Palace","2020-2021",44,1.16,14,88735000,18.3011649579508,-14.0073359505871,-11.1697597034525
"Crystal Palace","2021-2022",48,1.26,12,72950000,18.1052848329331,-5.5415410991212,-14.0073359505871
"Crystal Palace","2022-2023",45,1.18,11,66820000,18.0175129948929,-4.09643435657345,-5.5415410991212
"Crystal Palace","2023-2024",49,1.29,10,69050000,18.0503414378196,-0.418058685055507,-4.09643435657345
"Crystal Palace","2024-2025",53,1.39,12,69810000,18.0612878239466,4.65061869743008,-0.418058685055507
"Crystal Palace","2025-2026",45,1.18,15,68348800,18.0401345642866,0.525492030412631,4.65061869743008
"Everton","2020-2021",59,1.55,10,92073000,18.3380922986367,0.18767605352461,-8.84434199513644
"Everton","2021-2022",39,1.03,16,92698000,18.3448574553303,-19.7640424109123,0.18767605352461
"Everton","2022-2023",36,0.95,17,84812000,18.2559476001846,-18.2941277593176,-19.7640424109123
"Everton","2023-2024",40,1.05,15,78978000,18.1846798906356,-12.3465349818686,-18.2941277593176
"Everton","2024-2025",48,1.26,13,71422000,18.0841165030989,-0.847029179136142,-12.3465349818686
"Everton","2025-2026",49,1.29,13,75379200,18.1380419328523,2.39118571589425,-0.847029179136142
"Fulham","2022-2023",52,1.37,10,54340000,17.8107711619625,7.41038066626702,-18.4282478715758
"Fulham","2023-2024",47,1.24,13,66690000,18.0155655746085,-1.65997126496027,7.41038066626702
"Fulham","2024-2025",54,1.42,11,68406000,18.0409710980439,6.09350789994539,-1.65997126496027
"Fulham","2025-2026",52,1.37,11,77519000,18.1660336255668,4.78098806284882,6.09350789994539
"Leeds United","2021-2022",38,1,17,23810000,16.985616218463,8.86638477040986,29.3287105398059
"Leeds United","2022-2023",31,0.82,19,49374000,17.7149345278159,-11.5004534576831,8.86638477040986
"Leeds United","2025-2026",47,1.24,14,59306000,17.898221039288,5.61909915066719,-11.5004534576831
"Leicester City","2020-2021",66,1.74,5,77526000,18.1661239219324,10.9364561267157,8.05439899058833
"Leicester City","2021-2022",52,1.37,8,74370000,18.1245631926795,-1.96179470764028,10.9364561267157
"Leicester City","2022-2023",34,0.89,18,78780000,18.182169715507,-18.685825877182,-1.96179470764028
"Leicester City","2024-2025",25,0.66,18,65416000,17.996277434824,-21.9322041682392,-18.685825877182
"Liverpool","2020-2021",69,1.82,3,130920000,18.6900970075973,2.51424060039204,35.3295926437633
"Liverpool","2021-2022",92,2.42,2,144412000,18.7881808834633,23.5718433768508,2.51424060039204
"Liverpool","2022-2023",67,1.76,5,161980000,18.9029834287851,-1.39901766630836,23.5718433768508
"Liverpool","2023-2024",82,2.16,3,136240000,18.7299285943187,17.767457169055,-1.39901766630836
"Liverpool","2024-2025",84,2.21,1,128804000,18.6738024270529,22.2982653015986,17.767457169055
"Liverpool","2025-2026",60,1.58,5,178380800,18.999431149,-5.38644532675009,22.2982653015986
"Manchester City","2020-2021",86,2.26,1,137678000,18.7404281833239,18.4170591752928,11.6600867130654
"Manchester City","2021-2022",93,2.45,1,151552000,18.8364393583457,23.5198452567955,18.4170591752928
"Manchester City","2022-2023",89,2.34,1,194740000,19.0871758935149,16.5857264206924,23.5198452567955
"Manchester City","2023-2024",91,2.39,1,201032000,19.1189746573318,18.2865483151865,16.5857264206924
"Manchester City","2024-2025",71,1.87,3,201864000,19.1231047612925,-0.496184525253235,18.2865483151865
"Manchester City","2025-2026",78,2.05,2,223875600,19.2266010984086,7.66142221790373,-0.496184525253235
"Manchester Utd","2020-2021",74,1.95,2,193410000,19.0803228459549,-0.992386460435,-5.62293474571863
"Manchester Utd","2021-2022",58,1.53,6,238850000,19.2913462978002,-21.3967807093591,-0.992386460435
"Manchester Utd","2022-2023",75,1.97,3,228514000,19.2471080355683,-0.90067287365762,-21.3967807093591
"Manchester Utd","2023-2024",60,1.58,8,205756000,19.1422015587002,-13.2197805034032,-0.90067287365762
"Manchester Utd","2024-2025",42,1.11,15,180848000,19.0131674574126,-27.0996347526528,-13.2197805034032
"Manchester Utd","2025-2026",71,1.87,3,162331000,18.9051480185588,7.66885534776667,-27.0996347526528
"Newcastle","2020-2021",45,1.18,12,57546000,17.8680951859381,-3.56674365835514,-8.01888224742527
"Newcastle","2021-2022",49,1.29,11,68570000,18.0433656792605,-3.19175055108623,-3.56674365835514
"Newcastle","2022-2023",71,1.87,4,82836000,18.2323733074736,17.2197739268418,-3.19175055108623
"Newcastle","2023-2024",60,1.58,7,84500000,18.2522620923274,6.1802243220224,17.2197739268418
"Newcastle","2024-2025",66,1.74,5,103272000,18.4528768421687,9.11427535033052,6.1802243220224
"Newcastle","2025-2026",49,1.29,12,116584000,18.5741226011957,-7.11504183081529,9.11427535033052
"Norwich City","2021-2022",22,0.58,20,31320000,17.2597674290869,-13.1099035165633,-10.4418995833507
"Nottingham","2023-2024",32,0.84,17,72050000,18.0928708804098,-18.3451682499745,-6.22146900033841
"Nottingham","2024-2025",65,1.71,7,63492000,17.9664244716743,18.7185677674269,-18.3451682499745
"Nottingham","2025-2026",44,1.16,16,92677000,18.3446308875613,-7.11229667776782,18.7185677674269
"Sheffield United","2020-2021",23,0.61,20,20087200,16.8155933542555,-2.62300266815627,24.2988093328329
"Sheffield United","2023-2024",16,0.42,20,28756000,17.1743569990859,-14.3222628690812,-2.62300266815627
"Southampton","2020-2021",43,1.13,15,57184000,17.8617846969413,-5.42917978843413,4.97052312819003
"Southampton","2021-2022",40,1.05,15,52580000,17.777846377266,-6.40363131986185,-5.42917978843413
"Southampton","2022-2023",25,0.66,20,49556000,17.7186139012178,-17.580661004879,-6.40363131986185
"Southampton","2024-2025",12,0.32,20,56030000,17.8413978195415,-31.5559461221872,-17.580661004879
"Tottenham","2020-2021",62,1.63,7,134476000,18.7168963024224,-5.0699636837989,-3.2411118453572
"Tottenham","2021-2022",71,1.87,4,110190000,18.517716706464,8.46775712958847,-5.0699636837989
"Tottenham","2022-2023",60,1.58,8,109330000,18.5098813894107,0.170308393397753,8.46775712958847
"Tottenham","2023-2024",66,1.74,5,117520000,18.5821190898299,4.98959216663435,0.170308393397753
"Tottenham","2024-2025",38,1,17,104286000,18.4626476827737,-19.0987215579399,4.98959216663435
"Tottenham","2025-2026",41,1.08,17,132912000,18.705197813061,-17.9723819519869,-19.0987215579399
"Watford","2021-2022",23,0.61,19,41380000,17.5383082302817,-18.1818815459022,-14.6493363813842
"West Ham","2020-2021",65,1.71,6,66476000,18.0123515382296,13.2885773648171,-15.2330495680281
"West Ham","2021-2022",56,1.47,7,74556000,18.1270610788338,1.9837532703079,13.2885773648171
"West Ham","2022-2023",40,1.05,14,82420000,18.2273386838749,-13.6704751004247,1.9837532703079
"West Ham","2023-2024",52,1.37,9,95316000,18.3727082454033,-4.44541038591973,-13.6704751004247
"West Ham","2024-2025",43,1.13,14,90220000,18.3177616899445,-10.9403168953416,-4.44541038591973
"West Ham","2025-2026",39,1.03,18,86143200,18.2715215857277,-10.5185693941182,-10.9403168953416
"Wolves","2020-2021",45,1.18,13,51513800,17.7573602909038,-1.15280700402903,11.7316138521979
"Wolves","2021-2022",51,1.34,10,57270000,17.86328748437,2.7338174025059,-1.15280700402903
"Wolves","2022-2023",41,1.08,13,52182000,17.7702481658,-2.7062487778706,2.7338174025059
"Wolves","2023-2024",46,1.21,14,53820000,17.801155703263,2.01400117461963,-2.7062487778706
"Wolves","2024-2025",42,1.11,16,54262000,17.8093347240808,-0.856994979824769,2.01400117461963
"Wolves","2025-2026",20,0.53,20,72358000,18.0971365785295,-25.7171086105931,-0.856994979824769
